{
  "toc": {
    "sections": [
      {
        "title": "Vuecoms",
        "source": "README.md",
        "url": "index.html",
        "slug": "index"
      },
      {
        "title": "变更记录",
        "source": "doc/changelog.md",
        "url": "changelog.html",
        "slug": "changelog",
        "headings": [
          {
            "title": "V3.3",
            "depth": 2,
            "id": "v3.3"
          },
          {
            "title": "V3.2",
            "depth": 2,
            "id": "v3.2"
          },
          {
            "title": "V3.1",
            "depth": 2,
            "id": "v3.1"
          },
          {
            "title": "V3.0",
            "depth": 2,
            "id": "v3.0"
          }
        ]
      },
      {
        "title": "Box",
        "sections": [
          {
            "title": "基本用法",
            "source": "doc/box1.md",
            "url": "box1.html",
            "slug": "box1",
            "headings": [
              {
                "title": "slots 说明",
                "depth": 2,
                "id": "slots"
              },
              {
                "title": "参数说明",
                "depth": 2,
                "id": ""
              }
            ]
          }
        ]
      },
      {
        "title": "Table",
        "sections": [
          {
            "title": "表格说明",
            "source": "doc/table0.md",
            "url": "table0.html",
            "slug": "table0",
            "headings": [
              {
                "title": "基本用法",
                "depth": 2,
                "id": ""
              },
              {
                "title": "data参数说明",
                "depth": 2,
                "id": "data"
              },
              {
                "title": "表格方法说明",
                "depth": 2,
                "id": ""
              },
              {
                "title": "表头列定义说明",
                "depth": 2,
                "id": ""
              },
              {
                "title": "表格按钮定义说明",
                "depth": 2,
                "id": ""
              },
              {
                "title": "表格查询配置说明",
                "depth": 2,
                "id": ""
              },
              {
                "title": "表格Store方法说明",
                "depth": 2,
                "id": "store"
              }
            ]
          },
          {
            "title": "简单表格",
            "source": "doc/table1.md",
            "url": "table1.html",
            "slug": "table1"
          },
          {
            "title": "复杂表格",
            "source": "doc/table2.md",
            "url": "table2.html",
            "slug": "table2"
          },
          {
            "title": "表格拖动",
            "source": "doc/table3.md",
            "url": "table3.html",
            "slug": "table3"
          },
          {
            "title": "表格行编辑",
            "source": "doc/table4.md",
            "url": "table4.html",
            "slug": "table4"
          },
          {
            "title": "Tree表格",
            "source": "doc/table5.md",
            "url": "table5.html",
            "slug": "table5"
          },
          {
            "title": "通用表格",
            "source": "doc/table6.md",
            "url": "table6.html",
            "slug": "table6"
          }
        ]
      },
      {
        "title": "Query",
        "sections": [
          {
            "title": "基本查询",
            "source": "doc/query1.md",
            "url": "query1.html",
            "slug": "query1"
          }
        ]
      },
      {
        "title": "Uploader",
        "sections": [
          {
            "title": "文件上传",
            "source": "doc/uploader.md",
            "url": "uploader.html",
            "slug": "uploader"
          }
        ]
      },
      {
        "title": "TreeSelect",
        "sections": [
          {
            "title": "选择树控件",
            "source": "doc/treeselect.md",
            "url": "treeselect.html",
            "slug": "treeselect",
            "headings": [
              {
                "title": "本地单选示例",
                "depth": 3,
                "id": ""
              },
              {
                "title": "本地多选示例",
                "depth": 3,
                "id": ""
              },
              {
                "title": "远程单选示例",
                "depth": 3,
                "id": ""
              },
              {
                "title": "远程多选示例",
                "depth": 3,
                "id": ""
              }
            ]
          }
        ]
      },
      {
        "title": "CardList",
        "sections": [
          {
            "title": "卡片列表",
            "source": "doc/cardlist.md",
            "url": "cardlist.html",
            "slug": "cardlist",
            "headings": [
              {
                "title": "config参数说明",
                "depth": 2,
                "id": "config"
              },
              {
                "title": "CardList 方法说明",
                "depth": 2,
                "id": "cardlist"
              }
            ]
          }
        ]
      },
      {
        "title": "Build",
        "sections": [
          {
            "title": "基础控件",
            "source": "doc/fields.md",
            "url": "fields.html",
            "slug": "fields"
          },
          {
            "title": "基本构建",
            "source": "doc/build1.md",
            "url": "build1.html",
            "slug": "build1",
            "headings": [
              {
                "title": "参数说明",
                "depth": 2,
                "id": ""
              },
              {
                "title": "方法说明",
                "depth": 2,
                "id": ""
              },
              {
                "title": "Validate说明",
                "depth": 2,
                "id": "validate",
                "headings": [
                  {
                    "title": "规则定义",
                    "depth": 3,
                    "id": ""
                  },
                  {
                    "title": "规则类型",
                    "depth": 3,
                    "id": ""
                  }
                ]
              },
              {
                "title": "调用已有校验类型",
                "depth": 2,
                "id": ""
              },
              {
                "title": "在内置规则基础之上包装新的类型",
                "depth": 2,
                "id": ""
              },
              {
                "title": "出错信息模板",
                "depth": 2,
                "id": ""
              },
              {
                "title": "集成说明",
                "depth": 2,
                "id": ""
              },
              {
                "title": "旧版本兼容性",
                "depth": 2,
                "id": ""
              }
            ]
          },
          {
            "title": "多段展示",
            "source": "doc/build2.md",
            "url": "build2.html",
            "slug": "build2"
          },
          {
            "title": "数据联动",
            "source": "doc/build3.md",
            "url": "build3.html",
            "slug": "build3"
          },
          {
            "title": "Select Rich",
            "source": "doc/build4.md",
            "url": "build4.html",
            "slug": "build4"
          },
          {
            "title": "自定义Box",
            "source": "doc/build5.md",
            "url": "build5.html",
            "slug": "build5"
          },
          {
            "title": "自定义组件",
            "source": "doc/build6.md",
            "url": "build6.html",
            "slug": "build6",
            "headings": [
              {
                "title": "示例一，单一组件",
                "depth": 2,
                "id": ""
              },
              {
                "title": "示例二，复杂组件",
                "depth": 2,
                "id": ""
              },
              {
                "title": "示例三，自定义布局组件",
                "depth": 2,
                "id": ""
              },
              {
                "title": "示例四，复杂数组组件",
                "depth": 2,
                "id": ""
              }
            ]
          },
          {
            "title": "数据字典使用",
            "source": "doc/build7.md",
            "url": "build7.html",
            "slug": "build7"
          },
          {
            "title": "观查者模式",
            "source": "doc/build8.md",
            "url": "build8.html",
            "slug": "build8"
          },
          {
            "title": "输入输出转换",
            "source": "doc/build9.md",
            "url": "build9.html",
            "slug": "build9"
          }
        ]
      },
      {
        "title": "Chart",
        "sections": [
          {
            "title": "EChart",
            "source": "doc/chart.md",
            "url": "chart.html",
            "slug": "chart"
          }
        ]
      },
      {
        "title": "Editor",
        "sections": [
          {
            "title": "Editor",
            "source": "doc/editor.md",
            "url": "editor.html",
            "slug": "editor"
          }
        ]
      },
      {
        "title": "Dialog",
        "sections": [
          {
            "title": "Dialog",
            "source": "doc/dialog.md",
            "url": "dialog.html",
            "slug": "dialog"
          }
        ]
      },
      {
        "title": "Grid",
        "sections": [
          {
            "title": "布局展示",
            "source": "doc/grid.md",
            "url": "grid.html",
            "slug": "grid"
          }
        ]
      },
      {
        "title": "动态模板",
        "sections": [
          {
            "title": "Template",
            "source": "doc/template.md",
            "url": "template.html",
            "slug": "template"
          }
        ]
      },
      {
        "title": "综合示例",
        "sections": [
          {
            "title": "任务编辑",
            "source": "doc/research_edit.md",
            "url": "research_edit.html",
            "slug": "research_edit"
          }
        ]
      }
    ]
  },
  "index": {
    "index.html": {
      "source": "README.md",
      "title": "Vuecoms",
      "pageTitle": "Vuecoms",
      "slug": "index"
    },
    "changelog.html": {
      "source": "doc/changelog.md",
      "title": "变更记录 - Vuecoms",
      "pageTitle": "变更记录",
      "slug": "changelog",
      "headings": [
        {
          "title": "V3.3",
          "depth": 2,
          "id": "v3.3"
        },
        {
          "title": "V3.2",
          "depth": 2,
          "id": "v3.2"
        },
        {
          "title": "V3.1",
          "depth": 2,
          "id": "v3.1"
        },
        {
          "title": "V3.0",
          "depth": 2,
          "id": "v3.0"
        }
      ]
    },
    "box1.html": {
      "source": "doc/box1.md",
      "title": "基本用法 - Vuecoms",
      "pageTitle": "基本用法",
      "slug": "box1",
      "headings": [
        {
          "title": "slots 说明",
          "depth": 2,
          "id": "slots"
        },
        {
          "title": "参数说明",
          "depth": 2,
          "id": ""
        }
      ]
    },
    "table0.html": {
      "source": "doc/table0.md",
      "title": "表格说明 - Vuecoms",
      "pageTitle": "表格说明",
      "slug": "table0",
      "headings": [
        {
          "title": "基本用法",
          "depth": 2,
          "id": ""
        },
        {
          "title": "data参数说明",
          "depth": 2,
          "id": "data"
        },
        {
          "title": "表格方法说明",
          "depth": 2,
          "id": ""
        },
        {
          "title": "表头列定义说明",
          "depth": 2,
          "id": ""
        },
        {
          "title": "表格按钮定义说明",
          "depth": 2,
          "id": ""
        },
        {
          "title": "表格查询配置说明",
          "depth": 2,
          "id": ""
        },
        {
          "title": "表格Store方法说明",
          "depth": 2,
          "id": "store"
        }
      ]
    },
    "table1.html": {
      "source": "doc/table1.md",
      "title": "简单表格 - Vuecoms",
      "pageTitle": "简单表格",
      "slug": "table1"
    },
    "table2.html": {
      "source": "doc/table2.md",
      "title": "复杂表格 - Vuecoms",
      "pageTitle": "复杂表格",
      "slug": "table2"
    },
    "table3.html": {
      "source": "doc/table3.md",
      "title": "表格拖动 - Vuecoms",
      "pageTitle": "表格拖动",
      "slug": "table3"
    },
    "table4.html": {
      "source": "doc/table4.md",
      "title": "表格行编辑 - Vuecoms",
      "pageTitle": "表格行编辑",
      "slug": "table4"
    },
    "table5.html": {
      "source": "doc/table5.md",
      "title": "Tree表格 - Vuecoms",
      "pageTitle": "Tree表格",
      "slug": "table5"
    },
    "table6.html": {
      "source": "doc/table6.md",
      "title": "通用表格 - Vuecoms",
      "pageTitle": "通用表格",
      "slug": "table6"
    },
    "query1.html": {
      "source": "doc/query1.md",
      "title": "基本查询 - Vuecoms",
      "pageTitle": "基本查询",
      "slug": "query1"
    },
    "uploader.html": {
      "source": "doc/uploader.md",
      "title": "文件上传 - Vuecoms",
      "pageTitle": "文件上传",
      "slug": "uploader"
    },
    "treeselect.html": {
      "source": "doc/treeselect.md",
      "title": "选择树控件 - Vuecoms",
      "pageTitle": "选择树控件",
      "slug": "treeselect",
      "headings": [
        {
          "title": "本地单选示例",
          "depth": 3,
          "id": ""
        },
        {
          "title": "本地多选示例",
          "depth": 3,
          "id": ""
        },
        {
          "title": "远程单选示例",
          "depth": 3,
          "id": ""
        },
        {
          "title": "远程多选示例",
          "depth": 3,
          "id": ""
        }
      ]
    },
    "cardlist.html": {
      "source": "doc/cardlist.md",
      "title": "卡片列表 - Vuecoms",
      "pageTitle": "卡片列表",
      "slug": "cardlist",
      "headings": [
        {
          "title": "config参数说明",
          "depth": 2,
          "id": "config"
        },
        {
          "title": "CardList 方法说明",
          "depth": 2,
          "id": "cardlist"
        }
      ]
    },
    "fields.html": {
      "source": "doc/fields.md",
      "title": "基础控件 - Vuecoms",
      "pageTitle": "基础控件",
      "slug": "fields"
    },
    "build1.html": {
      "source": "doc/build1.md",
      "title": "基本构建 - Vuecoms",
      "pageTitle": "基本构建",
      "slug": "build1",
      "headings": [
        {
          "title": "参数说明",
          "depth": 2,
          "id": ""
        },
        {
          "title": "方法说明",
          "depth": 2,
          "id": ""
        },
        {
          "title": "Validate说明",
          "depth": 2,
          "id": "validate",
          "headings": [
            {
              "title": "规则定义",
              "depth": 3,
              "id": ""
            },
            {
              "title": "规则类型",
              "depth": 3,
              "id": ""
            }
          ]
        },
        {
          "title": "调用已有校验类型",
          "depth": 2,
          "id": ""
        },
        {
          "title": "在内置规则基础之上包装新的类型",
          "depth": 2,
          "id": ""
        },
        {
          "title": "出错信息模板",
          "depth": 2,
          "id": ""
        },
        {
          "title": "集成说明",
          "depth": 2,
          "id": ""
        },
        {
          "title": "旧版本兼容性",
          "depth": 2,
          "id": ""
        }
      ]
    },
    "build2.html": {
      "source": "doc/build2.md",
      "title": "多段展示 - Vuecoms",
      "pageTitle": "多段展示",
      "slug": "build2"
    },
    "build3.html": {
      "source": "doc/build3.md",
      "title": "数据联动 - Vuecoms",
      "pageTitle": "数据联动",
      "slug": "build3"
    },
    "build4.html": {
      "source": "doc/build4.md",
      "title": "Select Rich - Vuecoms",
      "pageTitle": "Select Rich",
      "slug": "build4"
    },
    "build5.html": {
      "source": "doc/build5.md",
      "title": "自定义Box - Vuecoms",
      "pageTitle": "自定义Box",
      "slug": "build5"
    },
    "build6.html": {
      "source": "doc/build6.md",
      "title": "自定义组件 - Vuecoms",
      "pageTitle": "自定义组件",
      "slug": "build6",
      "headings": [
        {
          "title": "示例一，单一组件",
          "depth": 2,
          "id": ""
        },
        {
          "title": "示例二，复杂组件",
          "depth": 2,
          "id": ""
        },
        {
          "title": "示例三，自定义布局组件",
          "depth": 2,
          "id": ""
        },
        {
          "title": "示例四，复杂数组组件",
          "depth": 2,
          "id": ""
        }
      ]
    },
    "build7.html": {
      "source": "doc/build7.md",
      "title": "数据字典使用 - Vuecoms",
      "pageTitle": "数据字典使用",
      "slug": "build7"
    },
    "build8.html": {
      "source": "doc/build8.md",
      "title": "观查者模式 - Vuecoms",
      "pageTitle": "观查者模式",
      "slug": "build8"
    },
    "build9.html": {
      "source": "doc/build9.md",
      "title": "输入输出转换 - Vuecoms",
      "pageTitle": "输入输出转换",
      "slug": "build9"
    },
    "chart.html": {
      "source": "doc/chart.md",
      "title": "EChart - Vuecoms",
      "pageTitle": "EChart",
      "slug": "chart"
    },
    "editor.html": {
      "source": "doc/editor.md",
      "title": "Editor - Vuecoms",
      "pageTitle": "Editor",
      "slug": "editor"
    },
    "dialog.html": {
      "source": "doc/dialog.md",
      "title": "Dialog - Vuecoms",
      "pageTitle": "Dialog",
      "slug": "dialog"
    },
    "grid.html": {
      "source": "doc/grid.md",
      "title": "布局展示 - Vuecoms",
      "pageTitle": "布局展示",
      "slug": "grid"
    },
    "template.html": {
      "source": "doc/template.md",
      "title": "Template - Vuecoms",
      "pageTitle": "Template",
      "slug": "template"
    },
    "research_edit.html": {
      "source": "doc/research_edit.md",
      "title": "任务编辑 - Vuecoms",
      "pageTitle": "任务编辑",
      "slug": "research_edit"
    }
  },
  "sources": {
    "README.md": "index.html",
    "doc/changelog.md": "changelog.html",
    "doc/box1.md": "box1.html",
    "doc/table0.md": "table0.html",
    "doc/table1.md": "table1.html",
    "doc/table2.md": "table2.html",
    "doc/table3.md": "table3.html",
    "doc/table4.md": "table4.html",
    "doc/table5.md": "table5.html",
    "doc/table6.md": "table6.html",
    "doc/query1.md": "query1.html",
    "doc/uploader.md": "uploader.html",
    "doc/treeselect.md": "treeselect.html",
    "doc/cardlist.md": "cardlist.html",
    "doc/fields.md": "fields.html",
    "doc/build1.md": "build1.html",
    "doc/build2.md": "build2.html",
    "doc/build3.md": "build3.html",
    "doc/build4.md": "build4.html",
    "doc/build5.md": "build5.html",
    "doc/build6.md": "build6.html",
    "doc/build7.md": "build7.html",
    "doc/build8.md": "build8.html",
    "doc/build9.md": "build9.html",
    "doc/chart.md": "chart.html",
    "doc/editor.md": "editor.html",
    "doc/dialog.md": "dialog.html",
    "doc/grid.md": "grid.html",
    "doc/template.md": "template.html",
    "doc/research_edit.md": "research_edit.html",
    "doc/test.1.html": "test.1.html",
    "doc/test.html": "test.html",
    "doc/lib/custom.css": "lib/custom.css",
    "doc/lib/echarts.common.min.js": "lib/echarts.common.min.js",
    "doc/lib/vue-grid-layout.umd.min.js": "lib/vue-grid-layout.umd.min.js",
    "doc/lib/vue.js": "lib/vue.js",
    "doc/lib/vuecoms.js": "lib/vuecoms.js",
    "doc/lib/vuecoms.css": "lib/vuecoms.css",
    "doc/lib/vuecoms.js.map": "lib/vuecoms.js.map",
    "doc/lib/iview/iview.js": "lib/iview/iview.js",
    "doc/lib/iview/iview.js.map": "lib/iview/iview.js.map",
    "doc/lib/iview/iview.min.js.gz": "lib/iview/iview.min.js.gz",
    "doc/lib/iview/iview.min.js.map": "lib/iview/iview.min.js.map",
    "doc/lib/iview/iview.min.js": "lib/iview/iview.min.js",
    "doc/lib/iview/types/affix.d.ts": "lib/iview/types/affix.d.ts",
    "doc/lib/iview/types/alert.d.ts": "lib/iview/types/alert.d.ts",
    "doc/lib/iview/types/auto-complete.d.ts": "lib/iview/types/auto-complete.d.ts",
    "doc/lib/iview/types/anchor.d.ts": "lib/iview/types/anchor.d.ts",
    "doc/lib/iview/types/avatar.d.ts": "lib/iview/types/avatar.d.ts",
    "doc/lib/iview/types/back-top.d.ts": "lib/iview/types/back-top.d.ts",
    "doc/lib/iview/types/badge.d.ts": "lib/iview/types/badge.d.ts",
    "doc/lib/iview/types/breadcrumb.d.ts": "lib/iview/types/breadcrumb.d.ts",
    "doc/lib/iview/types/button.d.ts": "lib/iview/types/button.d.ts",
    "doc/lib/iview/types/carousel.d.ts": "lib/iview/types/carousel.d.ts",
    "doc/lib/iview/types/cascader.d.ts": "lib/iview/types/cascader.d.ts",
    "doc/lib/iview/types/checkbox.d.ts": "lib/iview/types/checkbox.d.ts",
    "doc/lib/iview/types/circle.d.ts": "lib/iview/types/circle.d.ts",
    "doc/lib/iview/types/card.d.ts": "lib/iview/types/card.d.ts",
    "doc/lib/iview/types/collapse.d.ts": "lib/iview/types/collapse.d.ts",
    "doc/lib/iview/types/color-picker.d.ts": "lib/iview/types/color-picker.d.ts",
    "doc/lib/iview/types/content.d.ts": "lib/iview/types/content.d.ts",
    "doc/lib/iview/types/date-picker.d.ts": "lib/iview/types/date-picker.d.ts",
    "doc/lib/iview/types/divider.d.ts": "lib/iview/types/divider.d.ts",
    "doc/lib/iview/types/drawer.d.ts": "lib/iview/types/drawer.d.ts",
    "doc/lib/iview/types/dropdown.d.ts": "lib/iview/types/dropdown.d.ts",
    "doc/lib/iview/types/footer.d.ts": "lib/iview/types/footer.d.ts",
    "doc/lib/iview/types/form.d.ts": "lib/iview/types/form.d.ts",
    "doc/lib/iview/types/grid.d.ts": "lib/iview/types/grid.d.ts",
    "doc/lib/iview/types/icon.d.ts": "lib/iview/types/icon.d.ts",
    "doc/lib/iview/types/cell.d.ts": "lib/iview/types/cell.d.ts",
    "doc/lib/iview/types/input-number.d.ts": "lib/iview/types/input-number.d.ts",
    "doc/lib/iview/types/header.d.ts": "lib/iview/types/header.d.ts",
    "doc/lib/iview/types/index.d.ts": "lib/iview/types/index.d.ts",
    "doc/lib/iview/types/input.d.ts": "lib/iview/types/input.d.ts",
    "doc/lib/iview/types/iview.components.d.ts": "lib/iview/types/iview.components.d.ts",
    "doc/lib/iview/types/iview.d.ts": "lib/iview/types/iview.d.ts",
    "doc/lib/iview/types/layout.d.ts": "lib/iview/types/layout.d.ts",
    "doc/lib/iview/types/loading-bar.d.ts": "lib/iview/types/loading-bar.d.ts",
    "doc/lib/iview/types/menu.d.ts": "lib/iview/types/menu.d.ts",
    "doc/lib/iview/types/message.d.ts": "lib/iview/types/message.d.ts",
    "doc/lib/iview/types/modal.d.ts": "lib/iview/types/modal.d.ts",
    "doc/lib/iview/types/page.d.ts": "lib/iview/types/page.d.ts",
    "doc/lib/iview/types/notice.d.ts": "lib/iview/types/notice.d.ts",
    "doc/lib/iview/types/poptip.d.ts": "lib/iview/types/poptip.d.ts",
    "doc/lib/iview/types/progress.d.ts": "lib/iview/types/progress.d.ts",
    "doc/lib/iview/types/rate.d.ts": "lib/iview/types/rate.d.ts",
    "doc/lib/iview/types/radio.d.ts": "lib/iview/types/radio.d.ts",
    "doc/lib/iview/types/select.d.ts": "lib/iview/types/select.d.ts",
    "doc/lib/iview/types/scroll.d.ts": "lib/iview/types/scroll.d.ts",
    "doc/lib/iview/types/sider.d.ts": "lib/iview/types/sider.d.ts",
    "doc/lib/iview/types/slider.d.ts": "lib/iview/types/slider.d.ts",
    "doc/lib/iview/types/spin.d.ts": "lib/iview/types/spin.d.ts",
    "doc/lib/iview/types/split.d.ts": "lib/iview/types/split.d.ts",
    "doc/lib/iview/types/steps.d.ts": "lib/iview/types/steps.d.ts",
    "doc/lib/iview/types/switch.d.ts": "lib/iview/types/switch.d.ts",
    "doc/lib/iview/types/tabs.d.ts": "lib/iview/types/tabs.d.ts",
    "doc/lib/iview/types/tag.d.ts": "lib/iview/types/tag.d.ts",
    "doc/lib/iview/types/time-picker.d.ts": "lib/iview/types/time-picker.d.ts",
    "doc/lib/iview/types/table.d.ts": "lib/iview/types/table.d.ts",
    "doc/lib/iview/types/time.ts": "lib/iview/types/time.ts",
    "doc/lib/iview/types/timeline.d.ts": "lib/iview/types/timeline.d.ts",
    "doc/lib/iview/types/transfer.d.ts": "lib/iview/types/transfer.d.ts",
    "doc/lib/iview/types/upload.d.ts": "lib/iview/types/upload.d.ts",
    "doc/lib/iview/types/tree.d.ts": "lib/iview/types/tree.d.ts",
    "doc/lib/iview/types/tooltip.d.ts": "lib/iview/types/tooltip.d.ts",
    "doc/lib/iview/locale/ar-EG.js": "lib/iview/locale/ar-EG.js",
    "doc/lib/iview/locale/ar-EG.js.map": "lib/iview/locale/ar-EG.js.map",
    "doc/lib/iview/locale/ar-SA.js": "lib/iview/locale/ar-SA.js",
    "doc/lib/iview/locale/ar-SA.js.map": "lib/iview/locale/ar-SA.js.map",
    "doc/lib/iview/locale/cs-CZ.js": "lib/iview/locale/cs-CZ.js",
    "doc/lib/iview/locale/cs-CZ.js.map": "lib/iview/locale/cs-CZ.js.map",
    "doc/lib/iview/locale/da-DK.js": "lib/iview/locale/da-DK.js",
    "doc/lib/iview/locale/da-DK.js.map": "lib/iview/locale/da-DK.js.map",
    "doc/lib/iview/locale/de-DE.js": "lib/iview/locale/de-DE.js",
    "doc/lib/iview/locale/de-DE.js.map": "lib/iview/locale/de-DE.js.map",
    "doc/lib/iview/locale/el-GR.js": "lib/iview/locale/el-GR.js",
    "doc/lib/iview/locale/el-GR.js.map": "lib/iview/locale/el-GR.js.map",
    "doc/lib/iview/locale/en-US.js": "lib/iview/locale/en-US.js",
    "doc/lib/iview/locale/en-US.js.map": "lib/iview/locale/en-US.js.map",
    "doc/lib/iview/locale/es-ES.js": "lib/iview/locale/es-ES.js",
    "doc/lib/iview/locale/es-ES.js.map": "lib/iview/locale/es-ES.js.map",
    "doc/lib/iview/locale/fa-IR.js": "lib/iview/locale/fa-IR.js",
    "doc/lib/iview/locale/fa-IR.js.map": "lib/iview/locale/fa-IR.js.map",
    "doc/lib/iview/locale/fi-FI.js": "lib/iview/locale/fi-FI.js",
    "doc/lib/iview/locale/fi-FI.js.map": "lib/iview/locale/fi-FI.js.map",
    "doc/lib/iview/locale/fr-FR.js": "lib/iview/locale/fr-FR.js",
    "doc/lib/iview/locale/fr-FR.js.map": "lib/iview/locale/fr-FR.js.map",
    "doc/lib/iview/locale/hi-IN.js": "lib/iview/locale/hi-IN.js",
    "doc/lib/iview/locale/hi-IN.js.map": "lib/iview/locale/hi-IN.js.map",
    "doc/lib/iview/locale/id-ID.js": "lib/iview/locale/id-ID.js",
    "doc/lib/iview/locale/id-ID.js.map": "lib/iview/locale/id-ID.js.map",
    "doc/lib/iview/locale/it-IT.js": "lib/iview/locale/it-IT.js",
    "doc/lib/iview/locale/it-IT.js.map": "lib/iview/locale/it-IT.js.map",
    "doc/lib/iview/locale/ja-JP.js": "lib/iview/locale/ja-JP.js",
    "doc/lib/iview/locale/ja-JP.js.map": "lib/iview/locale/ja-JP.js.map",
    "doc/lib/iview/locale/ko-KR.js": "lib/iview/locale/ko-KR.js",
    "doc/lib/iview/locale/ko-KR.js.map": "lib/iview/locale/ko-KR.js.map",
    "doc/lib/iview/locale/mn-MN.js": "lib/iview/locale/mn-MN.js",
    "doc/lib/iview/locale/mn-MN.js.map": "lib/iview/locale/mn-MN.js.map",
    "doc/lib/iview/locale/mn-TR.js": "lib/iview/locale/mn-TR.js",
    "doc/lib/iview/locale/mn-TR.js.map": "lib/iview/locale/mn-TR.js.map",
    "doc/lib/iview/locale/nl-NL.js": "lib/iview/locale/nl-NL.js",
    "doc/lib/iview/locale/pl-PL.js": "lib/iview/locale/pl-PL.js",
    "doc/lib/iview/locale/nl-NL.js.map": "lib/iview/locale/nl-NL.js.map",
    "doc/lib/iview/locale/pl-PL.js.map": "lib/iview/locale/pl-PL.js.map",
    "doc/lib/iview/locale/pt-BR.js": "lib/iview/locale/pt-BR.js",
    "doc/lib/iview/locale/pt-BR.js.map": "lib/iview/locale/pt-BR.js.map",
    "doc/lib/iview/locale/pt-PT.js": "lib/iview/locale/pt-PT.js",
    "doc/lib/iview/locale/pt-PT.js.map": "lib/iview/locale/pt-PT.js.map",
    "doc/lib/iview/locale/ro-RO.js": "lib/iview/locale/ro-RO.js",
    "doc/lib/iview/locale/ro-RO.js.map": "lib/iview/locale/ro-RO.js.map",
    "doc/lib/iview/locale/ru-RU.js": "lib/iview/locale/ru-RU.js",
    "doc/lib/iview/locale/sv-SE.js": "lib/iview/locale/sv-SE.js",
    "doc/lib/iview/locale/sv-SE.js.map": "lib/iview/locale/sv-SE.js.map",
    "doc/lib/iview/locale/th-TH.js": "lib/iview/locale/th-TH.js",
    "doc/lib/iview/locale/tr-TR.js": "lib/iview/locale/tr-TR.js",
    "doc/lib/iview/locale/th-TH.js.map": "lib/iview/locale/th-TH.js.map",
    "doc/lib/iview/locale/tr-TR.js.map": "lib/iview/locale/tr-TR.js.map",
    "doc/lib/iview/locale/uk-UA.js": "lib/iview/locale/uk-UA.js",
    "doc/lib/iview/locale/uk-UA.js.map": "lib/iview/locale/uk-UA.js.map",
    "doc/lib/iview/locale/vi-VN.js": "lib/iview/locale/vi-VN.js",
    "doc/lib/iview/locale/vi-VN.js.map": "lib/iview/locale/vi-VN.js.map",
    "doc/lib/iview/locale/zh-CN.js": "lib/iview/locale/zh-CN.js",
    "doc/lib/iview/locale/zh-CN.js.map": "lib/iview/locale/zh-CN.js.map",
    "doc/lib/iview/locale/ru-RU.js.map": "lib/iview/locale/ru-RU.js.map",
    "doc/lib/iview/locale/zh-TW.js.map": "lib/iview/locale/zh-TW.js.map",
    "doc/lib/iview/locale/zh-TW.js": "lib/iview/locale/zh-TW.js",
    "doc/lib/iview/styles/iview.css": "lib/iview/styles/iview.css",
    "doc/lib/iview/styles/fonts/ionicons.eot": "lib/iview/styles/fonts/ionicons.eot",
    "doc/lib/iview/styles/fonts/ionicons.ttf": "lib/iview/styles/fonts/ionicons.ttf",
    "doc/lib/iview/styles/fonts/ionicons.svg": "lib/iview/styles/fonts/ionicons.svg",
    "doc/lib/iview/styles/fonts/ionicons.woff": "lib/iview/styles/fonts/ionicons.woff",
    "doc/lib/tinymce/changelog.txt": "lib/tinymce/changelog.txt",
    "doc/lib/tinymce/composer.json": "lib/tinymce/composer.json",
    "doc/lib/tinymce/bower.json": "lib/tinymce/bower.json",
    "doc/lib/tinymce/jquery.tinymce.js": "lib/tinymce/jquery.tinymce.js",
    "doc/lib/tinymce/jquery.tinymce.min.js": "lib/tinymce/jquery.tinymce.min.js",
    "doc/lib/tinymce/package.json": "lib/tinymce/package.json",
    "doc/lib/tinymce/tinymce.min.js": "lib/tinymce/tinymce.min.js",
    "doc/lib/tinymce/tinymce.js": "lib/tinymce/tinymce.js",
    "doc/lib/tinymce/license.txt": "lib/tinymce/license.txt",
    "doc/lib/tinymce/tinymce_languages.zip": "lib/tinymce/tinymce_languages.zip",
    "doc/lib/tinymce/langs/zh_CN.js": "lib/tinymce/langs/zh_CN.js",
    "doc/lib/tinymce/themes/mobile/theme.js": "lib/tinymce/themes/mobile/theme.js",
    "doc/lib/tinymce/themes/mobile/index.js": "lib/tinymce/themes/mobile/index.js",
    "doc/lib/tinymce/themes/mobile/theme.min.js": "lib/tinymce/themes/mobile/theme.min.js",
    "doc/lib/tinymce/themes/modern/theme.js": "lib/tinymce/themes/modern/theme.js",
    "doc/lib/tinymce/themes/modern/theme.min.js": "lib/tinymce/themes/modern/theme.min.js",
    "doc/lib/tinymce/themes/modern/index.js": "lib/tinymce/themes/modern/index.js",
    "doc/lib/tinymce/themes/inlite/index.js": "lib/tinymce/themes/inlite/index.js",
    "doc/lib/tinymce/themes/inlite/theme.js": "lib/tinymce/themes/inlite/theme.js",
    "doc/lib/tinymce/themes/inlite/theme.min.js": "lib/tinymce/themes/inlite/theme.min.js",
    "doc/lib/tinymce/skins/lightgray/content.inline.min.css": "lib/tinymce/skins/lightgray/content.inline.min.css",
    "doc/lib/tinymce/skins/lightgray/content.min.css": "lib/tinymce/skins/lightgray/content.min.css",
    "doc/lib/tinymce/skins/lightgray/content.mobile.min.css": "lib/tinymce/skins/lightgray/content.mobile.min.css",
    "doc/lib/tinymce/skins/lightgray/skin.mobile.min.css": "lib/tinymce/skins/lightgray/skin.mobile.min.css",
    "doc/lib/tinymce/skins/lightgray/skin.min.css": "lib/tinymce/skins/lightgray/skin.min.css",
    "doc/lib/tinymce/skins/lightgray/img/anchor.gif": "lib/tinymce/skins/lightgray/img/anchor.gif",
    "doc/lib/tinymce/skins/lightgray/img/loader.gif": "lib/tinymce/skins/lightgray/img/loader.gif",
    "doc/lib/tinymce/skins/lightgray/img/object.gif": "lib/tinymce/skins/lightgray/img/object.gif",
    "doc/lib/tinymce/skins/lightgray/img/trans.gif": "lib/tinymce/skins/lightgray/img/trans.gif",
    "doc/lib/tinymce/skins/lightgray/fonts/tinymce-mobile.woff": "lib/tinymce/skins/lightgray/fonts/tinymce-mobile.woff",
    "doc/lib/tinymce/skins/lightgray/fonts/tinymce-small.eot": "lib/tinymce/skins/lightgray/fonts/tinymce-small.eot",
    "doc/lib/tinymce/skins/lightgray/fonts/tinymce-small.svg": "lib/tinymce/skins/lightgray/fonts/tinymce-small.svg",
    "doc/lib/tinymce/skins/lightgray/fonts/tinymce-small.ttf": "lib/tinymce/skins/lightgray/fonts/tinymce-small.ttf",
    "doc/lib/tinymce/skins/lightgray/fonts/tinymce.eot": "lib/tinymce/skins/lightgray/fonts/tinymce.eot",
    "doc/lib/tinymce/skins/lightgray/fonts/tinymce-small.woff": "lib/tinymce/skins/lightgray/fonts/tinymce-small.woff",
    "doc/lib/tinymce/skins/lightgray/fonts/tinymce.ttf": "lib/tinymce/skins/lightgray/fonts/tinymce.ttf",
    "doc/lib/tinymce/skins/lightgray/fonts/tinymce.svg": "lib/tinymce/skins/lightgray/fonts/tinymce.svg",
    "doc/lib/tinymce/skins/lightgray/fonts/tinymce.woff": "lib/tinymce/skins/lightgray/fonts/tinymce.woff",
    "doc/lib/tinymce/plugins/autolink/index.js": "lib/tinymce/plugins/autolink/index.js",
    "doc/lib/tinymce/plugins/autolink/plugin.js": "lib/tinymce/plugins/autolink/plugin.js",
    "doc/lib/tinymce/plugins/autolink/plugin.min.js": "lib/tinymce/plugins/autolink/plugin.min.js",
    "doc/lib/tinymce/plugins/autoresize/index.js": "lib/tinymce/plugins/autoresize/index.js",
    "doc/lib/tinymce/plugins/autoresize/plugin.js": "lib/tinymce/plugins/autoresize/plugin.js",
    "doc/lib/tinymce/plugins/autoresize/plugin.min.js": "lib/tinymce/plugins/autoresize/plugin.min.js",
    "doc/lib/tinymce/plugins/autosave/index.js": "lib/tinymce/plugins/autosave/index.js",
    "doc/lib/tinymce/plugins/autosave/plugin.js": "lib/tinymce/plugins/autosave/plugin.js",
    "doc/lib/tinymce/plugins/autosave/plugin.min.js": "lib/tinymce/plugins/autosave/plugin.min.js",
    "doc/lib/tinymce/plugins/bbcode/index.js": "lib/tinymce/plugins/bbcode/index.js",
    "doc/lib/tinymce/plugins/bbcode/plugin.js": "lib/tinymce/plugins/bbcode/plugin.js",
    "doc/lib/tinymce/plugins/bbcode/plugin.min.js": "lib/tinymce/plugins/bbcode/plugin.min.js",
    "doc/lib/tinymce/plugins/charmap/index.js": "lib/tinymce/plugins/charmap/index.js",
    "doc/lib/tinymce/plugins/charmap/plugin.min.js": "lib/tinymce/plugins/charmap/plugin.min.js",
    "doc/lib/tinymce/plugins/charmap/plugin.js": "lib/tinymce/plugins/charmap/plugin.js",
    "doc/lib/tinymce/plugins/code/index.js": "lib/tinymce/plugins/code/index.js",
    "doc/lib/tinymce/plugins/code/plugin.js": "lib/tinymce/plugins/code/plugin.js",
    "doc/lib/tinymce/plugins/code/plugin.min.js": "lib/tinymce/plugins/code/plugin.min.js",
    "doc/lib/tinymce/plugins/anchor/index.js": "lib/tinymce/plugins/anchor/index.js",
    "doc/lib/tinymce/plugins/anchor/plugin.js": "lib/tinymce/plugins/anchor/plugin.js",
    "doc/lib/tinymce/plugins/anchor/plugin.min.js": "lib/tinymce/plugins/anchor/plugin.min.js",
    "doc/lib/tinymce/plugins/colorpicker/index.js": "lib/tinymce/plugins/colorpicker/index.js",
    "doc/lib/tinymce/plugins/colorpicker/plugin.js": "lib/tinymce/plugins/colorpicker/plugin.js",
    "doc/lib/tinymce/plugins/colorpicker/plugin.min.js": "lib/tinymce/plugins/colorpicker/plugin.min.js",
    "doc/lib/tinymce/plugins/contextmenu/index.js": "lib/tinymce/plugins/contextmenu/index.js",
    "doc/lib/tinymce/plugins/contextmenu/plugin.js": "lib/tinymce/plugins/contextmenu/plugin.js",
    "doc/lib/tinymce/plugins/contextmenu/plugin.min.js": "lib/tinymce/plugins/contextmenu/plugin.min.js",
    "doc/lib/tinymce/plugins/fullpage/index.js": "lib/tinymce/plugins/fullpage/index.js",
    "doc/lib/tinymce/plugins/fullpage/plugin.js": "lib/tinymce/plugins/fullpage/plugin.js",
    "doc/lib/tinymce/plugins/fullpage/plugin.min.js": "lib/tinymce/plugins/fullpage/plugin.min.js",
    "doc/lib/tinymce/plugins/directionality/index.js": "lib/tinymce/plugins/directionality/index.js",
    "doc/lib/tinymce/plugins/directionality/plugin.js": "lib/tinymce/plugins/directionality/plugin.js",
    "doc/lib/tinymce/plugins/directionality/plugin.min.js": "lib/tinymce/plugins/directionality/plugin.min.js",
    "doc/lib/tinymce/plugins/fullscreen/index.js": "lib/tinymce/plugins/fullscreen/index.js",
    "doc/lib/tinymce/plugins/fullscreen/plugin.js": "lib/tinymce/plugins/fullscreen/plugin.js",
    "doc/lib/tinymce/plugins/fullscreen/plugin.min.js": "lib/tinymce/plugins/fullscreen/plugin.min.js",
    "doc/lib/tinymce/plugins/hr/index.js": "lib/tinymce/plugins/hr/index.js",
    "doc/lib/tinymce/plugins/hr/plugin.js": "lib/tinymce/plugins/hr/plugin.js",
    "doc/lib/tinymce/plugins/hr/plugin.min.js": "lib/tinymce/plugins/hr/plugin.min.js",
    "doc/lib/tinymce/plugins/image/index.js": "lib/tinymce/plugins/image/index.js",
    "doc/lib/tinymce/plugins/image/plugin.js": "lib/tinymce/plugins/image/plugin.js",
    "doc/lib/tinymce/plugins/image/plugin.min.js": "lib/tinymce/plugins/image/plugin.min.js",
    "doc/lib/tinymce/plugins/imagetools/index.js": "lib/tinymce/plugins/imagetools/index.js",
    "doc/lib/tinymce/plugins/imagetools/plugin.js": "lib/tinymce/plugins/imagetools/plugin.js",
    "doc/lib/tinymce/plugins/imagetools/plugin.min.js": "lib/tinymce/plugins/imagetools/plugin.min.js",
    "doc/lib/tinymce/plugins/importcss/index.js": "lib/tinymce/plugins/importcss/index.js",
    "doc/lib/tinymce/plugins/importcss/plugin.js": "lib/tinymce/plugins/importcss/plugin.js",
    "doc/lib/tinymce/plugins/importcss/plugin.min.js": "lib/tinymce/plugins/importcss/plugin.min.js",
    "doc/lib/tinymce/plugins/legacyoutput/index.js": "lib/tinymce/plugins/legacyoutput/index.js",
    "doc/lib/tinymce/plugins/legacyoutput/plugin.js": "lib/tinymce/plugins/legacyoutput/plugin.js",
    "doc/lib/tinymce/plugins/legacyoutput/plugin.min.js": "lib/tinymce/plugins/legacyoutput/plugin.min.js",
    "doc/lib/tinymce/plugins/link/index.js": "lib/tinymce/plugins/link/index.js",
    "doc/lib/tinymce/plugins/link/plugin.js": "lib/tinymce/plugins/link/plugin.js",
    "doc/lib/tinymce/plugins/link/plugin.min.js": "lib/tinymce/plugins/link/plugin.min.js",
    "doc/lib/tinymce/plugins/insertdatetime/index.js": "lib/tinymce/plugins/insertdatetime/index.js",
    "doc/lib/tinymce/plugins/insertdatetime/plugin.js": "lib/tinymce/plugins/insertdatetime/plugin.js",
    "doc/lib/tinymce/plugins/insertdatetime/plugin.min.js": "lib/tinymce/plugins/insertdatetime/plugin.min.js",
    "doc/lib/tinymce/plugins/media/index.js": "lib/tinymce/plugins/media/index.js",
    "doc/lib/tinymce/plugins/media/plugin.js": "lib/tinymce/plugins/media/plugin.js",
    "doc/lib/tinymce/plugins/media/plugin.min.js": "lib/tinymce/plugins/media/plugin.min.js",
    "doc/lib/tinymce/plugins/nonbreaking/index.js": "lib/tinymce/plugins/nonbreaking/index.js",
    "doc/lib/tinymce/plugins/nonbreaking/plugin.min.js": "lib/tinymce/plugins/nonbreaking/plugin.min.js",
    "doc/lib/tinymce/plugins/nonbreaking/plugin.js": "lib/tinymce/plugins/nonbreaking/plugin.js",
    "doc/lib/tinymce/plugins/advlist/index.js": "lib/tinymce/plugins/advlist/index.js",
    "doc/lib/tinymce/plugins/advlist/plugin.js": "lib/tinymce/plugins/advlist/plugin.js",
    "doc/lib/tinymce/plugins/advlist/plugin.min.js": "lib/tinymce/plugins/advlist/plugin.min.js",
    "doc/lib/tinymce/plugins/pagebreak/index.js": "lib/tinymce/plugins/pagebreak/index.js",
    "doc/lib/tinymce/plugins/pagebreak/plugin.min.js": "lib/tinymce/plugins/pagebreak/plugin.min.js",
    "doc/lib/tinymce/plugins/pagebreak/plugin.js": "lib/tinymce/plugins/pagebreak/plugin.js",
    "doc/lib/tinymce/plugins/lists/index.js": "lib/tinymce/plugins/lists/index.js",
    "doc/lib/tinymce/plugins/lists/plugin.min.js": "lib/tinymce/plugins/lists/plugin.min.js",
    "doc/lib/tinymce/plugins/lists/plugin.js": "lib/tinymce/plugins/lists/plugin.js",
    "doc/lib/tinymce/plugins/preview/plugin.js": "lib/tinymce/plugins/preview/plugin.js",
    "doc/lib/tinymce/plugins/preview/index.js": "lib/tinymce/plugins/preview/index.js",
    "doc/lib/tinymce/plugins/preview/plugin.min.js": "lib/tinymce/plugins/preview/plugin.min.js",
    "doc/lib/tinymce/plugins/noneditable/index.js": "lib/tinymce/plugins/noneditable/index.js",
    "doc/lib/tinymce/plugins/noneditable/plugin.js": "lib/tinymce/plugins/noneditable/plugin.js",
    "doc/lib/tinymce/plugins/noneditable/plugin.min.js": "lib/tinymce/plugins/noneditable/plugin.min.js",
    "doc/lib/tinymce/plugins/print/index.js": "lib/tinymce/plugins/print/index.js",
    "doc/lib/tinymce/plugins/print/plugin.js": "lib/tinymce/plugins/print/plugin.js",
    "doc/lib/tinymce/plugins/print/plugin.min.js": "lib/tinymce/plugins/print/plugin.min.js",
    "doc/lib/tinymce/plugins/paste/plugin.js": "lib/tinymce/plugins/paste/plugin.js",
    "doc/lib/tinymce/plugins/paste/index.js": "lib/tinymce/plugins/paste/index.js",
    "doc/lib/tinymce/plugins/paste/plugin.min.js": "lib/tinymce/plugins/paste/plugin.min.js",
    "doc/lib/tinymce/plugins/save/index.js": "lib/tinymce/plugins/save/index.js",
    "doc/lib/tinymce/plugins/save/plugin.js": "lib/tinymce/plugins/save/plugin.js",
    "doc/lib/tinymce/plugins/save/plugin.min.js": "lib/tinymce/plugins/save/plugin.min.js",
    "doc/lib/tinymce/plugins/spellchecker/index.js": "lib/tinymce/plugins/spellchecker/index.js",
    "doc/lib/tinymce/plugins/spellchecker/plugin.js": "lib/tinymce/plugins/spellchecker/plugin.js",
    "doc/lib/tinymce/plugins/spellchecker/plugin.min.js": "lib/tinymce/plugins/spellchecker/plugin.min.js",
    "doc/lib/tinymce/plugins/searchreplace/index.js": "lib/tinymce/plugins/searchreplace/index.js",
    "doc/lib/tinymce/plugins/searchreplace/plugin.min.js": "lib/tinymce/plugins/searchreplace/plugin.min.js",
    "doc/lib/tinymce/plugins/searchreplace/plugin.js": "lib/tinymce/plugins/searchreplace/plugin.js",
    "doc/lib/tinymce/plugins/template/index.js": "lib/tinymce/plugins/template/index.js",
    "doc/lib/tinymce/plugins/template/plugin.js": "lib/tinymce/plugins/template/plugin.js",
    "doc/lib/tinymce/plugins/template/plugin.min.js": "lib/tinymce/plugins/template/plugin.min.js",
    "doc/lib/tinymce/plugins/table/plugin.js": "lib/tinymce/plugins/table/plugin.js",
    "doc/lib/tinymce/plugins/table/index.js": "lib/tinymce/plugins/table/index.js",
    "doc/lib/tinymce/plugins/table/plugin.min.js": "lib/tinymce/plugins/table/plugin.min.js",
    "doc/lib/tinymce/plugins/tabfocus/index.js": "lib/tinymce/plugins/tabfocus/index.js",
    "doc/lib/tinymce/plugins/tabfocus/plugin.min.js": "lib/tinymce/plugins/tabfocus/plugin.min.js",
    "doc/lib/tinymce/plugins/tabfocus/plugin.js": "lib/tinymce/plugins/tabfocus/plugin.js",
    "doc/lib/tinymce/plugins/textcolor/index.js": "lib/tinymce/plugins/textcolor/index.js",
    "doc/lib/tinymce/plugins/textcolor/plugin.js": "lib/tinymce/plugins/textcolor/plugin.js",
    "doc/lib/tinymce/plugins/textcolor/plugin.min.js": "lib/tinymce/plugins/textcolor/plugin.min.js",
    "doc/lib/tinymce/plugins/visualchars/index.js": "lib/tinymce/plugins/visualchars/index.js",
    "doc/lib/tinymce/plugins/visualchars/plugin.min.js": "lib/tinymce/plugins/visualchars/plugin.min.js",
    "doc/lib/tinymce/plugins/visualchars/plugin.js": "lib/tinymce/plugins/visualchars/plugin.js",
    "doc/lib/tinymce/plugins/textpattern/index.js": "lib/tinymce/plugins/textpattern/index.js",
    "doc/lib/tinymce/plugins/textpattern/plugin.js": "lib/tinymce/plugins/textpattern/plugin.js",
    "doc/lib/tinymce/plugins/textpattern/plugin.min.js": "lib/tinymce/plugins/textpattern/plugin.min.js",
    "doc/lib/tinymce/plugins/toc/index.js": "lib/tinymce/plugins/toc/index.js",
    "doc/lib/tinymce/plugins/toc/plugin.js": "lib/tinymce/plugins/toc/plugin.js",
    "doc/lib/tinymce/plugins/toc/plugin.min.js": "lib/tinymce/plugins/toc/plugin.min.js",
    "doc/lib/tinymce/plugins/wordcount/index.js": "lib/tinymce/plugins/wordcount/index.js",
    "doc/lib/tinymce/plugins/wordcount/plugin.js": "lib/tinymce/plugins/wordcount/plugin.js",
    "doc/lib/tinymce/plugins/wordcount/plugin.min.js": "lib/tinymce/plugins/wordcount/plugin.min.js",
    "doc/lib/tinymce/plugins/help/index.js": "lib/tinymce/plugins/help/index.js",
    "doc/lib/tinymce/plugins/help/plugin.js": "lib/tinymce/plugins/help/plugin.js",
    "doc/lib/tinymce/plugins/help/plugin.min.js": "lib/tinymce/plugins/help/plugin.min.js",
    "doc/lib/tinymce/plugins/help/img/logo.png": "lib/tinymce/plugins/help/img/logo.png",
    "doc/lib/tinymce/plugins/emoticons/index.js": "lib/tinymce/plugins/emoticons/index.js",
    "doc/lib/tinymce/plugins/emoticons/plugin.min.js": "lib/tinymce/plugins/emoticons/plugin.min.js",
    "doc/lib/tinymce/plugins/emoticons/plugin.js": "lib/tinymce/plugins/emoticons/plugin.js",
    "doc/lib/tinymce/plugins/emoticons/img/smiley-cool.gif": "lib/tinymce/plugins/emoticons/img/smiley-cool.gif",
    "doc/lib/tinymce/plugins/emoticons/img/smiley-cry.gif": "lib/tinymce/plugins/emoticons/img/smiley-cry.gif",
    "doc/lib/tinymce/plugins/emoticons/img/smiley-embarassed.gif": "lib/tinymce/plugins/emoticons/img/smiley-embarassed.gif",
    "doc/lib/tinymce/plugins/emoticons/img/smiley-foot-in-mouth.gif": "lib/tinymce/plugins/emoticons/img/smiley-foot-in-mouth.gif",
    "doc/lib/tinymce/plugins/emoticons/img/smiley-frown.gif": "lib/tinymce/plugins/emoticons/img/smiley-frown.gif",
    "doc/lib/tinymce/plugins/emoticons/img/smiley-kiss.gif": "lib/tinymce/plugins/emoticons/img/smiley-kiss.gif",
    "doc/lib/tinymce/plugins/emoticons/img/smiley-innocent.gif": "lib/tinymce/plugins/emoticons/img/smiley-innocent.gif",
    "doc/lib/tinymce/plugins/emoticons/img/smiley-laughing.gif": "lib/tinymce/plugins/emoticons/img/smiley-laughing.gif",
    "doc/lib/tinymce/plugins/emoticons/img/smiley-money-mouth.gif": "lib/tinymce/plugins/emoticons/img/smiley-money-mouth.gif",
    "doc/lib/tinymce/plugins/emoticons/img/smiley-sealed.gif": "lib/tinymce/plugins/emoticons/img/smiley-sealed.gif",
    "doc/lib/tinymce/plugins/emoticons/img/smiley-surprised.gif": "lib/tinymce/plugins/emoticons/img/smiley-surprised.gif",
    "doc/lib/tinymce/plugins/emoticons/img/smiley-smile.gif": "lib/tinymce/plugins/emoticons/img/smiley-smile.gif",
    "doc/lib/tinymce/plugins/emoticons/img/smiley-tongue-out.gif": "lib/tinymce/plugins/emoticons/img/smiley-tongue-out.gif",
    "doc/lib/tinymce/plugins/emoticons/img/smiley-undecided.gif": "lib/tinymce/plugins/emoticons/img/smiley-undecided.gif",
    "doc/lib/tinymce/plugins/emoticons/img/smiley-wink.gif": "lib/tinymce/plugins/emoticons/img/smiley-wink.gif",
    "doc/lib/tinymce/plugins/emoticons/img/smiley-yell.gif": "lib/tinymce/plugins/emoticons/img/smiley-yell.gif",
    "doc/lib/tinymce/plugins/codesample/index.js": "lib/tinymce/plugins/codesample/index.js",
    "doc/lib/tinymce/plugins/codesample/plugin.min.js": "lib/tinymce/plugins/codesample/plugin.min.js",
    "doc/lib/tinymce/plugins/codesample/plugin.js": "lib/tinymce/plugins/codesample/plugin.js",
    "doc/lib/tinymce/plugins/codesample/css/prism.css": "lib/tinymce/plugins/codesample/css/prism.css",
    "doc/lib/tinymce/plugins/visualblocks/index.js": "lib/tinymce/plugins/visualblocks/index.js",
    "doc/lib/tinymce/plugins/visualblocks/plugin.js": "lib/tinymce/plugins/visualblocks/plugin.js",
    "doc/lib/tinymce/plugins/visualblocks/plugin.min.js": "lib/tinymce/plugins/visualblocks/plugin.min.js",
    "doc/lib/tinymce/plugins/visualblocks/css/visualblocks.css": "lib/tinymce/plugins/visualblocks/css/visualblocks.css",
    "doc/lib/tinymce/tinymce/bower.json": "lib/tinymce/tinymce/bower.json",
    "doc/lib/tinymce/tinymce/composer.json": "lib/tinymce/tinymce/composer.json",
    "doc/lib/tinymce/tinymce/changelog.txt": "lib/tinymce/tinymce/changelog.txt",
    "doc/lib/tinymce/tinymce/jquery.tinymce.min.js": "lib/tinymce/tinymce/jquery.tinymce.min.js",
    "doc/lib/tinymce/tinymce/license.txt": "lib/tinymce/tinymce/license.txt",
    "doc/lib/tinymce/tinymce/package.json": "lib/tinymce/tinymce/package.json",
    "doc/lib/tinymce/tinymce/jquery.tinymce.js": "lib/tinymce/tinymce/jquery.tinymce.js",
    "doc/lib/tinymce/tinymce/tinymce.js": "lib/tinymce/tinymce/tinymce.js",
    "doc/lib/tinymce/tinymce/tinymce.min.js": "lib/tinymce/tinymce/tinymce.min.js",
    "doc/lib/tinymce/tinymce/themes/inlite/theme.js": "lib/tinymce/tinymce/themes/inlite/theme.js",
    "doc/lib/tinymce/tinymce/themes/inlite/index.js": "lib/tinymce/tinymce/themes/inlite/index.js",
    "doc/lib/tinymce/tinymce/themes/inlite/theme.min.js": "lib/tinymce/tinymce/themes/inlite/theme.min.js",
    "doc/lib/tinymce/tinymce/themes/mobile/index.js": "lib/tinymce/tinymce/themes/mobile/index.js",
    "doc/lib/tinymce/tinymce/themes/mobile/theme.js": "lib/tinymce/tinymce/themes/mobile/theme.js",
    "doc/lib/tinymce/tinymce/themes/mobile/theme.min.js": "lib/tinymce/tinymce/themes/mobile/theme.min.js",
    "doc/lib/tinymce/tinymce/themes/modern/index.js": "lib/tinymce/tinymce/themes/modern/index.js",
    "doc/lib/tinymce/tinymce/themes/modern/theme.js": "lib/tinymce/tinymce/themes/modern/theme.js",
    "doc/lib/tinymce/tinymce/themes/modern/theme.min.js": "lib/tinymce/tinymce/themes/modern/theme.min.js",
    "doc/lib/tinymce/tinymce/skins/lightgray/content.inline.min.css": "lib/tinymce/tinymce/skins/lightgray/content.inline.min.css",
    "doc/lib/tinymce/tinymce/skins/lightgray/content.min.css": "lib/tinymce/tinymce/skins/lightgray/content.min.css",
    "doc/lib/tinymce/tinymce/skins/lightgray/content.mobile.min.css": "lib/tinymce/tinymce/skins/lightgray/content.mobile.min.css",
    "doc/lib/tinymce/tinymce/skins/lightgray/skin.min.css": "lib/tinymce/tinymce/skins/lightgray/skin.min.css",
    "doc/lib/tinymce/tinymce/skins/lightgray/skin.mobile.min.css": "lib/tinymce/tinymce/skins/lightgray/skin.mobile.min.css",
    "doc/lib/tinymce/tinymce/skins/lightgray/fonts/tinymce-mobile.woff": "lib/tinymce/tinymce/skins/lightgray/fonts/tinymce-mobile.woff",
    "doc/lib/tinymce/tinymce/skins/lightgray/fonts/tinymce-small.eot": "lib/tinymce/tinymce/skins/lightgray/fonts/tinymce-small.eot",
    "doc/lib/tinymce/tinymce/skins/lightgray/fonts/tinymce-small.svg": "lib/tinymce/tinymce/skins/lightgray/fonts/tinymce-small.svg",
    "doc/lib/tinymce/tinymce/skins/lightgray/fonts/tinymce-small.ttf": "lib/tinymce/tinymce/skins/lightgray/fonts/tinymce-small.ttf",
    "doc/lib/tinymce/tinymce/skins/lightgray/fonts/tinymce-small.woff": "lib/tinymce/tinymce/skins/lightgray/fonts/tinymce-small.woff",
    "doc/lib/tinymce/tinymce/skins/lightgray/fonts/tinymce.eot": "lib/tinymce/tinymce/skins/lightgray/fonts/tinymce.eot",
    "doc/lib/tinymce/tinymce/skins/lightgray/fonts/tinymce.svg": "lib/tinymce/tinymce/skins/lightgray/fonts/tinymce.svg",
    "doc/lib/tinymce/tinymce/skins/lightgray/fonts/tinymce.ttf": "lib/tinymce/tinymce/skins/lightgray/fonts/tinymce.ttf",
    "doc/lib/tinymce/tinymce/skins/lightgray/fonts/tinymce.woff": "lib/tinymce/tinymce/skins/lightgray/fonts/tinymce.woff",
    "doc/lib/tinymce/tinymce/skins/lightgray/img/anchor.gif": "lib/tinymce/tinymce/skins/lightgray/img/anchor.gif",
    "doc/lib/tinymce/tinymce/skins/lightgray/img/loader.gif": "lib/tinymce/tinymce/skins/lightgray/img/loader.gif",
    "doc/lib/tinymce/tinymce/skins/lightgray/img/object.gif": "lib/tinymce/tinymce/skins/lightgray/img/object.gif",
    "doc/lib/tinymce/tinymce/skins/lightgray/img/trans.gif": "lib/tinymce/tinymce/skins/lightgray/img/trans.gif",
    "doc/lib/tinymce/tinymce/plugins/anchor/index.js": "lib/tinymce/tinymce/plugins/anchor/index.js",
    "doc/lib/tinymce/tinymce/plugins/anchor/plugin.js": "lib/tinymce/tinymce/plugins/anchor/plugin.js",
    "doc/lib/tinymce/tinymce/plugins/anchor/plugin.min.js": "lib/tinymce/tinymce/plugins/anchor/plugin.min.js",
    "doc/lib/tinymce/tinymce/plugins/advlist/index.js": "lib/tinymce/tinymce/plugins/advlist/index.js",
    "doc/lib/tinymce/tinymce/plugins/advlist/plugin.min.js": "lib/tinymce/tinymce/plugins/advlist/plugin.min.js",
    "doc/lib/tinymce/tinymce/plugins/advlist/plugin.js": "lib/tinymce/tinymce/plugins/advlist/plugin.js",
    "doc/lib/tinymce/tinymce/plugins/autolink/index.js": "lib/tinymce/tinymce/plugins/autolink/index.js",
    "doc/lib/tinymce/tinymce/plugins/autolink/plugin.js": "lib/tinymce/tinymce/plugins/autolink/plugin.js",
    "doc/lib/tinymce/tinymce/plugins/autolink/plugin.min.js": "lib/tinymce/tinymce/plugins/autolink/plugin.min.js",
    "doc/lib/tinymce/tinymce/plugins/autoresize/index.js": "lib/tinymce/tinymce/plugins/autoresize/index.js",
    "doc/lib/tinymce/tinymce/plugins/autoresize/plugin.min.js": "lib/tinymce/tinymce/plugins/autoresize/plugin.min.js",
    "doc/lib/tinymce/tinymce/plugins/autoresize/plugin.js": "lib/tinymce/tinymce/plugins/autoresize/plugin.js",
    "doc/lib/tinymce/tinymce/plugins/charmap/plugin.js": "lib/tinymce/tinymce/plugins/charmap/plugin.js",
    "doc/lib/tinymce/tinymce/plugins/charmap/index.js": "lib/tinymce/tinymce/plugins/charmap/index.js",
    "doc/lib/tinymce/tinymce/plugins/charmap/plugin.min.js": "lib/tinymce/tinymce/plugins/charmap/plugin.min.js",
    "doc/lib/tinymce/tinymce/plugins/bbcode/index.js": "lib/tinymce/tinymce/plugins/bbcode/index.js",
    "doc/lib/tinymce/tinymce/plugins/bbcode/plugin.js": "lib/tinymce/tinymce/plugins/bbcode/plugin.js",
    "doc/lib/tinymce/tinymce/plugins/bbcode/plugin.min.js": "lib/tinymce/tinymce/plugins/bbcode/plugin.min.js",
    "doc/lib/tinymce/tinymce/plugins/code/index.js": "lib/tinymce/tinymce/plugins/code/index.js",
    "doc/lib/tinymce/tinymce/plugins/code/plugin.js": "lib/tinymce/tinymce/plugins/code/plugin.js",
    "doc/lib/tinymce/tinymce/plugins/code/plugin.min.js": "lib/tinymce/tinymce/plugins/code/plugin.min.js",
    "doc/lib/tinymce/tinymce/plugins/colorpicker/index.js": "lib/tinymce/tinymce/plugins/colorpicker/index.js",
    "doc/lib/tinymce/tinymce/plugins/colorpicker/plugin.js": "lib/tinymce/tinymce/plugins/colorpicker/plugin.js",
    "doc/lib/tinymce/tinymce/plugins/colorpicker/plugin.min.js": "lib/tinymce/tinymce/plugins/colorpicker/plugin.min.js",
    "doc/lib/tinymce/tinymce/plugins/directionality/index.js": "lib/tinymce/tinymce/plugins/directionality/index.js",
    "doc/lib/tinymce/tinymce/plugins/directionality/plugin.js": "lib/tinymce/tinymce/plugins/directionality/plugin.js",
    "doc/lib/tinymce/tinymce/plugins/directionality/plugin.min.js": "lib/tinymce/tinymce/plugins/directionality/plugin.min.js",
    "doc/lib/tinymce/tinymce/plugins/fullscreen/index.js": "lib/tinymce/tinymce/plugins/fullscreen/index.js",
    "doc/lib/tinymce/tinymce/plugins/fullscreen/plugin.js": "lib/tinymce/tinymce/plugins/fullscreen/plugin.js",
    "doc/lib/tinymce/tinymce/plugins/fullscreen/plugin.min.js": "lib/tinymce/tinymce/plugins/fullscreen/plugin.min.js",
    "doc/lib/tinymce/tinymce/plugins/fullpage/index.js": "lib/tinymce/tinymce/plugins/fullpage/index.js",
    "doc/lib/tinymce/tinymce/plugins/fullpage/plugin.min.js": "lib/tinymce/tinymce/plugins/fullpage/plugin.min.js",
    "doc/lib/tinymce/tinymce/plugins/fullpage/plugin.js": "lib/tinymce/tinymce/plugins/fullpage/plugin.js",
    "doc/lib/tinymce/tinymce/plugins/hr/index.js": "lib/tinymce/tinymce/plugins/hr/index.js",
    "doc/lib/tinymce/tinymce/plugins/hr/plugin.js": "lib/tinymce/tinymce/plugins/hr/plugin.js",
    "doc/lib/tinymce/tinymce/plugins/hr/plugin.min.js": "lib/tinymce/tinymce/plugins/hr/plugin.min.js",
    "doc/lib/tinymce/tinymce/plugins/autosave/index.js": "lib/tinymce/tinymce/plugins/autosave/index.js",
    "doc/lib/tinymce/tinymce/plugins/autosave/plugin.js": "lib/tinymce/tinymce/plugins/autosave/plugin.js",
    "doc/lib/tinymce/tinymce/plugins/autosave/plugin.min.js": "lib/tinymce/tinymce/plugins/autosave/plugin.min.js",
    "doc/lib/tinymce/tinymce/plugins/imagetools/index.js": "lib/tinymce/tinymce/plugins/imagetools/index.js",
    "doc/lib/tinymce/tinymce/plugins/imagetools/plugin.js": "lib/tinymce/tinymce/plugins/imagetools/plugin.js",
    "doc/lib/tinymce/tinymce/plugins/imagetools/plugin.min.js": "lib/tinymce/tinymce/plugins/imagetools/plugin.min.js",
    "doc/lib/tinymce/tinymce/plugins/image/plugin.js": "lib/tinymce/tinymce/plugins/image/plugin.js",
    "doc/lib/tinymce/tinymce/plugins/image/plugin.min.js": "lib/tinymce/tinymce/plugins/image/plugin.min.js",
    "doc/lib/tinymce/tinymce/plugins/image/index.js": "lib/tinymce/tinymce/plugins/image/index.js",
    "doc/lib/tinymce/tinymce/plugins/importcss/index.js": "lib/tinymce/tinymce/plugins/importcss/index.js",
    "doc/lib/tinymce/tinymce/plugins/importcss/plugin.js": "lib/tinymce/tinymce/plugins/importcss/plugin.js",
    "doc/lib/tinymce/tinymce/plugins/importcss/plugin.min.js": "lib/tinymce/tinymce/plugins/importcss/plugin.min.js",
    "doc/lib/tinymce/tinymce/plugins/legacyoutput/index.js": "lib/tinymce/tinymce/plugins/legacyoutput/index.js",
    "doc/lib/tinymce/tinymce/plugins/legacyoutput/plugin.min.js": "lib/tinymce/tinymce/plugins/legacyoutput/plugin.min.js",
    "doc/lib/tinymce/tinymce/plugins/legacyoutput/plugin.js": "lib/tinymce/tinymce/plugins/legacyoutput/plugin.js",
    "doc/lib/tinymce/tinymce/plugins/link/index.js": "lib/tinymce/tinymce/plugins/link/index.js",
    "doc/lib/tinymce/tinymce/plugins/link/plugin.js": "lib/tinymce/tinymce/plugins/link/plugin.js",
    "doc/lib/tinymce/tinymce/plugins/link/plugin.min.js": "lib/tinymce/tinymce/plugins/link/plugin.min.js",
    "doc/lib/tinymce/tinymce/plugins/insertdatetime/index.js": "lib/tinymce/tinymce/plugins/insertdatetime/index.js",
    "doc/lib/tinymce/tinymce/plugins/insertdatetime/plugin.js": "lib/tinymce/tinymce/plugins/insertdatetime/plugin.js",
    "doc/lib/tinymce/tinymce/plugins/insertdatetime/plugin.min.js": "lib/tinymce/tinymce/plugins/insertdatetime/plugin.min.js",
    "doc/lib/tinymce/tinymce/plugins/media/index.js": "lib/tinymce/tinymce/plugins/media/index.js",
    "doc/lib/tinymce/tinymce/plugins/media/plugin.js": "lib/tinymce/tinymce/plugins/media/plugin.js",
    "doc/lib/tinymce/tinymce/plugins/media/plugin.min.js": "lib/tinymce/tinymce/plugins/media/plugin.min.js",
    "doc/lib/tinymce/tinymce/plugins/lists/plugin.js": "lib/tinymce/tinymce/plugins/lists/plugin.js",
    "doc/lib/tinymce/tinymce/plugins/lists/index.js": "lib/tinymce/tinymce/plugins/lists/index.js",
    "doc/lib/tinymce/tinymce/plugins/lists/plugin.min.js": "lib/tinymce/tinymce/plugins/lists/plugin.min.js",
    "doc/lib/tinymce/tinymce/plugins/nonbreaking/index.js": "lib/tinymce/tinymce/plugins/nonbreaking/index.js",
    "doc/lib/tinymce/tinymce/plugins/nonbreaking/plugin.js": "lib/tinymce/tinymce/plugins/nonbreaking/plugin.js",
    "doc/lib/tinymce/tinymce/plugins/nonbreaking/plugin.min.js": "lib/tinymce/tinymce/plugins/nonbreaking/plugin.min.js",
    "doc/lib/tinymce/tinymce/plugins/noneditable/index.js": "lib/tinymce/tinymce/plugins/noneditable/index.js",
    "doc/lib/tinymce/tinymce/plugins/noneditable/plugin.js": "lib/tinymce/tinymce/plugins/noneditable/plugin.js",
    "doc/lib/tinymce/tinymce/plugins/noneditable/plugin.min.js": "lib/tinymce/tinymce/plugins/noneditable/plugin.min.js",
    "doc/lib/tinymce/tinymce/plugins/pagebreak/index.js": "lib/tinymce/tinymce/plugins/pagebreak/index.js",
    "doc/lib/tinymce/tinymce/plugins/pagebreak/plugin.js": "lib/tinymce/tinymce/plugins/pagebreak/plugin.js",
    "doc/lib/tinymce/tinymce/plugins/pagebreak/plugin.min.js": "lib/tinymce/tinymce/plugins/pagebreak/plugin.min.js",
    "doc/lib/tinymce/tinymce/plugins/preview/index.js": "lib/tinymce/tinymce/plugins/preview/index.js",
    "doc/lib/tinymce/tinymce/plugins/preview/plugin.js": "lib/tinymce/tinymce/plugins/preview/plugin.js",
    "doc/lib/tinymce/tinymce/plugins/preview/plugin.min.js": "lib/tinymce/tinymce/plugins/preview/plugin.min.js",
    "doc/lib/tinymce/tinymce/plugins/paste/index.js": "lib/tinymce/tinymce/plugins/paste/index.js",
    "doc/lib/tinymce/tinymce/plugins/paste/plugin.js": "lib/tinymce/tinymce/plugins/paste/plugin.js",
    "doc/lib/tinymce/tinymce/plugins/paste/plugin.min.js": "lib/tinymce/tinymce/plugins/paste/plugin.min.js",
    "doc/lib/tinymce/tinymce/plugins/print/index.js": "lib/tinymce/tinymce/plugins/print/index.js",
    "doc/lib/tinymce/tinymce/plugins/print/plugin.js": "lib/tinymce/tinymce/plugins/print/plugin.js",
    "doc/lib/tinymce/tinymce/plugins/print/plugin.min.js": "lib/tinymce/tinymce/plugins/print/plugin.min.js",
    "doc/lib/tinymce/tinymce/plugins/save/index.js": "lib/tinymce/tinymce/plugins/save/index.js",
    "doc/lib/tinymce/tinymce/plugins/save/plugin.js": "lib/tinymce/tinymce/plugins/save/plugin.js",
    "doc/lib/tinymce/tinymce/plugins/save/plugin.min.js": "lib/tinymce/tinymce/plugins/save/plugin.min.js",
    "doc/lib/tinymce/tinymce/plugins/searchreplace/plugin.js": "lib/tinymce/tinymce/plugins/searchreplace/plugin.js",
    "doc/lib/tinymce/tinymce/plugins/searchreplace/index.js": "lib/tinymce/tinymce/plugins/searchreplace/index.js",
    "doc/lib/tinymce/tinymce/plugins/searchreplace/plugin.min.js": "lib/tinymce/tinymce/plugins/searchreplace/plugin.min.js",
    "doc/lib/tinymce/tinymce/plugins/spellchecker/plugin.js": "lib/tinymce/tinymce/plugins/spellchecker/plugin.js",
    "doc/lib/tinymce/tinymce/plugins/spellchecker/index.js": "lib/tinymce/tinymce/plugins/spellchecker/index.js",
    "doc/lib/tinymce/tinymce/plugins/spellchecker/plugin.min.js": "lib/tinymce/tinymce/plugins/spellchecker/plugin.min.js",
    "doc/lib/tinymce/tinymce/plugins/table/plugin.js": "lib/tinymce/tinymce/plugins/table/plugin.js",
    "doc/lib/tinymce/tinymce/plugins/table/index.js": "lib/tinymce/tinymce/plugins/table/index.js",
    "doc/lib/tinymce/tinymce/plugins/table/plugin.min.js": "lib/tinymce/tinymce/plugins/table/plugin.min.js",
    "doc/lib/tinymce/tinymce/plugins/textcolor/index.js": "lib/tinymce/tinymce/plugins/textcolor/index.js",
    "doc/lib/tinymce/tinymce/plugins/textcolor/plugin.js": "lib/tinymce/tinymce/plugins/textcolor/plugin.js",
    "doc/lib/tinymce/tinymce/plugins/textcolor/plugin.min.js": "lib/tinymce/tinymce/plugins/textcolor/plugin.min.js",
    "doc/lib/tinymce/tinymce/plugins/template/index.js": "lib/tinymce/tinymce/plugins/template/index.js",
    "doc/lib/tinymce/tinymce/plugins/template/plugin.js": "lib/tinymce/tinymce/plugins/template/plugin.js",
    "doc/lib/tinymce/tinymce/plugins/template/plugin.min.js": "lib/tinymce/tinymce/plugins/template/plugin.min.js",
    "doc/lib/tinymce/tinymce/plugins/textpattern/index.js": "lib/tinymce/tinymce/plugins/textpattern/index.js",
    "doc/lib/tinymce/tinymce/plugins/textpattern/plugin.js": "lib/tinymce/tinymce/plugins/textpattern/plugin.js",
    "doc/lib/tinymce/tinymce/plugins/textpattern/plugin.min.js": "lib/tinymce/tinymce/plugins/textpattern/plugin.min.js",
    "doc/lib/tinymce/tinymce/plugins/toc/index.js": "lib/tinymce/tinymce/plugins/toc/index.js",
    "doc/lib/tinymce/tinymce/plugins/toc/plugin.js": "lib/tinymce/tinymce/plugins/toc/plugin.js",
    "doc/lib/tinymce/tinymce/plugins/toc/plugin.min.js": "lib/tinymce/tinymce/plugins/toc/plugin.min.js",
    "doc/lib/tinymce/tinymce/plugins/visualchars/index.js": "lib/tinymce/tinymce/plugins/visualchars/index.js",
    "doc/lib/tinymce/tinymce/plugins/visualchars/plugin.js": "lib/tinymce/tinymce/plugins/visualchars/plugin.js",
    "doc/lib/tinymce/tinymce/plugins/visualchars/plugin.min.js": "lib/tinymce/tinymce/plugins/visualchars/plugin.min.js",
    "doc/lib/tinymce/tinymce/plugins/tabfocus/index.js": "lib/tinymce/tinymce/plugins/tabfocus/index.js",
    "doc/lib/tinymce/tinymce/plugins/tabfocus/plugin.js": "lib/tinymce/tinymce/plugins/tabfocus/plugin.js",
    "doc/lib/tinymce/tinymce/plugins/tabfocus/plugin.min.js": "lib/tinymce/tinymce/plugins/tabfocus/plugin.min.js",
    "doc/lib/tinymce/tinymce/plugins/wordcount/index.js": "lib/tinymce/tinymce/plugins/wordcount/index.js",
    "doc/lib/tinymce/tinymce/plugins/wordcount/plugin.js": "lib/tinymce/tinymce/plugins/wordcount/plugin.js",
    "doc/lib/tinymce/tinymce/plugins/wordcount/plugin.min.js": "lib/tinymce/tinymce/plugins/wordcount/plugin.min.js",
    "doc/lib/tinymce/tinymce/plugins/contextmenu/index.js": "lib/tinymce/tinymce/plugins/contextmenu/index.js",
    "doc/lib/tinymce/tinymce/plugins/contextmenu/plugin.js": "lib/tinymce/tinymce/plugins/contextmenu/plugin.js",
    "doc/lib/tinymce/tinymce/plugins/contextmenu/plugin.min.js": "lib/tinymce/tinymce/plugins/contextmenu/plugin.min.js",
    "doc/lib/tinymce/tinymce/plugins/codesample/index.js": "lib/tinymce/tinymce/plugins/codesample/index.js",
    "doc/lib/tinymce/tinymce/plugins/codesample/plugin.js": "lib/tinymce/tinymce/plugins/codesample/plugin.js",
    "doc/lib/tinymce/tinymce/plugins/codesample/plugin.min.js": "lib/tinymce/tinymce/plugins/codesample/plugin.min.js",
    "doc/lib/tinymce/tinymce/plugins/codesample/css/prism.css": "lib/tinymce/tinymce/plugins/codesample/css/prism.css",
    "doc/lib/tinymce/tinymce/plugins/emoticons/index.js": "lib/tinymce/tinymce/plugins/emoticons/index.js",
    "doc/lib/tinymce/tinymce/plugins/emoticons/plugin.js": "lib/tinymce/tinymce/plugins/emoticons/plugin.js",
    "doc/lib/tinymce/tinymce/plugins/emoticons/plugin.min.js": "lib/tinymce/tinymce/plugins/emoticons/plugin.min.js",
    "doc/lib/tinymce/tinymce/plugins/emoticons/img/smiley-cool.gif": "lib/tinymce/tinymce/plugins/emoticons/img/smiley-cool.gif",
    "doc/lib/tinymce/tinymce/plugins/emoticons/img/smiley-cry.gif": "lib/tinymce/tinymce/plugins/emoticons/img/smiley-cry.gif",
    "doc/lib/tinymce/tinymce/plugins/emoticons/img/smiley-embarassed.gif": "lib/tinymce/tinymce/plugins/emoticons/img/smiley-embarassed.gif",
    "doc/lib/tinymce/tinymce/plugins/emoticons/img/smiley-foot-in-mouth.gif": "lib/tinymce/tinymce/plugins/emoticons/img/smiley-foot-in-mouth.gif",
    "doc/lib/tinymce/tinymce/plugins/emoticons/img/smiley-frown.gif": "lib/tinymce/tinymce/plugins/emoticons/img/smiley-frown.gif",
    "doc/lib/tinymce/tinymce/plugins/emoticons/img/smiley-innocent.gif": "lib/tinymce/tinymce/plugins/emoticons/img/smiley-innocent.gif",
    "doc/lib/tinymce/tinymce/plugins/emoticons/img/smiley-kiss.gif": "lib/tinymce/tinymce/plugins/emoticons/img/smiley-kiss.gif",
    "doc/lib/tinymce/tinymce/plugins/emoticons/img/smiley-laughing.gif": "lib/tinymce/tinymce/plugins/emoticons/img/smiley-laughing.gif",
    "doc/lib/tinymce/tinymce/plugins/emoticons/img/smiley-money-mouth.gif": "lib/tinymce/tinymce/plugins/emoticons/img/smiley-money-mouth.gif",
    "doc/lib/tinymce/tinymce/plugins/emoticons/img/smiley-sealed.gif": "lib/tinymce/tinymce/plugins/emoticons/img/smiley-sealed.gif",
    "doc/lib/tinymce/tinymce/plugins/emoticons/img/smiley-smile.gif": "lib/tinymce/tinymce/plugins/emoticons/img/smiley-smile.gif",
    "doc/lib/tinymce/tinymce/plugins/emoticons/img/smiley-surprised.gif": "lib/tinymce/tinymce/plugins/emoticons/img/smiley-surprised.gif",
    "doc/lib/tinymce/tinymce/plugins/emoticons/img/smiley-tongue-out.gif": "lib/tinymce/tinymce/plugins/emoticons/img/smiley-tongue-out.gif",
    "doc/lib/tinymce/tinymce/plugins/emoticons/img/smiley-undecided.gif": "lib/tinymce/tinymce/plugins/emoticons/img/smiley-undecided.gif",
    "doc/lib/tinymce/tinymce/plugins/emoticons/img/smiley-wink.gif": "lib/tinymce/tinymce/plugins/emoticons/img/smiley-wink.gif",
    "doc/lib/tinymce/tinymce/plugins/emoticons/img/smiley-yell.gif": "lib/tinymce/tinymce/plugins/emoticons/img/smiley-yell.gif",
    "doc/lib/tinymce/tinymce/plugins/help/index.js": "lib/tinymce/tinymce/plugins/help/index.js",
    "doc/lib/tinymce/tinymce/plugins/help/plugin.js": "lib/tinymce/tinymce/plugins/help/plugin.js",
    "doc/lib/tinymce/tinymce/plugins/help/plugin.min.js": "lib/tinymce/tinymce/plugins/help/plugin.min.js",
    "doc/lib/tinymce/tinymce/plugins/help/img/logo.png": "lib/tinymce/tinymce/plugins/help/img/logo.png",
    "doc/lib/tinymce/tinymce/plugins/visualblocks/index.js": "lib/tinymce/tinymce/plugins/visualblocks/index.js",
    "doc/lib/tinymce/tinymce/plugins/visualblocks/plugin.js": "lib/tinymce/tinymce/plugins/visualblocks/plugin.js",
    "doc/lib/tinymce/tinymce/plugins/visualblocks/plugin.min.js": "lib/tinymce/tinymce/plugins/visualblocks/plugin.min.js",
    "doc/lib/tinymce/tinymce/plugins/visualblocks/css/visualblocks.css": "lib/tinymce/tinymce/plugins/visualblocks/css/visualblocks.css"
  }
}
